id,title,description,availability,condition,price,link,image_link,brand,google_product_category
"44fcc79f-142d-4d43-8635-e4b713c893e0","Dove Hair Fall Rescue Shampoo (1 Liter), India","Bio-Protein Care formula with amino protein to reduce hair fall and strengthen hair.","in stock","new","1520 BDT","https://glamourstouch.com/product/44fcc79f-142d-4d43-8635-e4b713c893e0","https://glamourstouch.com/catalog-images/GT-004.jpg","Dove","Health & Beauty > Personal Care > Cosmetics"
"eaa9b080-34d7-4ae9-99f4-460dae8a4465","Sesa Ayurvedic Hair Oil (200ml), India","Reduces hair fall and supports hair growth with pure natural ayurvedic formula.","in stock","new","510 BDT","https://glamourstouch.com/product/eaa9b080-34d7-4ae9-99f4-460dae8a4465","https://glamourstouch.com/catalog-images/GT-010.jpg","Sesa","Health & Beauty > Personal Care > Cosmetics"
"5f28c7c7-2bb9-4d33-8e5a-b7a862f8275f","Sunsilk Black Shine Shampoo (1 Liter), India","With Henna Oil Pearl and Vitamin E for shiny dark black hair.","in stock","new","1490 BDT","https://glamourstouch.com/product/5f28c7c7-2bb9-4d33-8e5a-b7a862f8275f","https://glamourstouch.com/catalog-images/GT-006.jpg","Sunsilk","Health & Beauty > Personal Care > Cosmetics"
"f4d37ea5-3d2d-46f3-a2a3-035afeb6ce05","Dove Beauty Bar Soap (125g), India","Gentle moisturising beauty bar with 1/4 moisturising cream for softer and smoother skin.","in stock","new","145 BDT","https://glamourstouch.com/product/f4d37ea5-3d2d-46f3-a2a3-035afeb6ce05","https://fmcltrjnuvuooarkvufn.supabase.co/storage/v1/object/public/products/product-images/a744a6ab-0537-42da-8ad8-310c70a0ca6d.webp","Dove ","Health & Beauty > Personal Care > Cosmetics"
"a6c0c39f-4213-400a-b445-d083c5460638","Nivea Men Dark Spot Reduction Face Wash (100g), India","10x Vitamin C Effect for clean clear skin and dark spot reduction.","in stock","new","320 BDT","https://glamourstouch.com/product/a6c0c39f-4213-400a-b445-d083c5460638","https://glamourstouch.com/catalog-images/GT-027.jpg","Nivea ","Health & Beauty > Personal Care > Cosmetics"
"d9e42422-4559-4480-ba9a-348b9e1cf6c6","Jovees Strawberry Face Wash (120ml), India","Herbal face wash with strawberry for sheer moisture and glowing skin. Paraben free.","in stock","new","320 BDT","https://glamourstouch.com/product/d9e42422-4559-4480-ba9a-348b9e1cf6c6","https://glamourstouch.com/catalog-images/GT-022.jpg","Jovees ","Health & Beauty > Personal Care > Cosmetics"
"a4dc6e08-52f5-416f-9bf3-299227f6126b","Pond's Bright Beauty Face Wash (50g), India","With Niacinamide (Vitamin B3) for anti-dullness and clinically proven brightness.","in stock","new","170 BDT","https://glamourstouch.com/product/a4dc6e08-52f5-416f-9bf3-299227f6126b","https://fmcltrjnuvuooarkvufn.supabase.co/storage/v1/object/public/products/product-images/297e1786-d645-435d-a8f5-c2edbc9bb5f9.webp","Pond's","Health & Beauty > Personal Care > Cosmetics"
"ae9a6ae4-cfa9-4e36-a89b-4d829498e440","Clean & Clear Foaming Face Wash (100g), India","Oil-free foaming face wash that removes excess oil and unclogs pores for fresh clear skin.","in stock","new","340 BDT","https://glamourstouch.com/product/ae9a6ae4-cfa9-4e36-a89b-4d829498e440","https://fmcltrjnuvuooarkvufn.supabase.co/storage/v1/object/public/products/product-images/bed22cf7-55a5-4952-9f2a-c0ce12c906d1.jpg","Clean & Clear","Health & Beauty > Personal Care > Cosmetics"
"78ee71a5-519a-40ea-ad4f-0c32d173a8b4","Sesa Ayurvedic Hair Oil (100ml), India","Reduces hair fall and supports hair growth with pure natural ayurvedic formula.","in stock","new","270 BDT","https://glamourstouch.com/product/78ee71a5-519a-40ea-ad4f-0c32d173a8b4","https://glamourstouch.com/catalog-images/GT-011.jpg","Sesa","Health & Beauty > Personal Care > Cosmetics"
"29c02d99-fdcf-4f76-8d3f-b1f3723673bd","Fogg Scent Body Spray, India","Long-lasting fragrance body spray. No gas â€” more perfume for all-day freshness.","in stock","new","340 BDT","https://glamourstouch.com/product/29c02d99-fdcf-4f76-8d3f-b1f3723673bd","https://glamourstouch.com/catalog-images/GT-012.jpg","Foog","Health & Beauty > Personal Care > Cosmetics"
"05c0697f-9978-474b-b7a5-81f6352b9b51","Colgate Strong Teeth Toothpaste (175g), India","Strengthens teeth with calcium boost formula for complete cavity protection.","in stock","new","170 BDT","https://glamourstouch.com/product/05c0697f-9978-474b-b7a5-81f6352b9b51","https://glamourstouch.com/catalog-images/GT-009.jpg","Colgate","Health & Beauty > Personal Care > Cosmetics"
"6dff4efe-8a23-4b58-8164-97d645d38afe","Garnier Bright Complete Face Wash (50g), India","Vitamin C face wash with lemon essence to reduce dullness and brighten skin.","in stock","new","170 BDT","https://glamourstouch.com/product/6dff4efe-8a23-4b58-8164-97d645d38afe","https://glamourstouch.com/catalog-images/GT-024.jpg","Garnier","Health & Beauty > Personal Care > Cosmetics"
"544d6df8-61f3-4744-9d75-bfe5d01dc2bb","Garnier Men AcnoFight Face Wash (50g), India","Anti-pimple face wash that fights 99.9% pimple causing germs with salicylic active.","in stock","new","220 BDT","https://glamourstouch.com/product/544d6df8-61f3-4744-9d75-bfe5d01dc2bb","https://glamourstouch.com/catalog-images/GT-023.jpg","Garnie","Health & Beauty > Personal Care > Cosmetics"
"574d83bc-fe4f-4333-8ded-d603e7c12808","Mustaq Ocean Face Wash (100ml), India","SLS and paraben free face wash with essence of ocean for clean fresh skin.","in stock","new","220 BDT","https://glamourstouch.com/product/574d83bc-fe4f-4333-8ded-d603e7c12808","https://glamourstouch.com/catalog-images/GT-021.jpg","Mustaq ","Health & Beauty > Personal Care > Cosmetics"
"1f56e8cb-9145-4752-b486-1981258b8471","Clean & Clear Foaming Face Wash (240g), India","Oil-free foaming face wash that removes excess oil and unclogs pores for fresh clear skin.","in stock","new","530 BDT","https://glamourstouch.com/product/1f56e8cb-9145-4752-b486-1981258b8471","https://glamourstouch.com/catalog-images/GT-016.jpg","Clean & Clear","Health & Beauty > Personal Care > Cosmetics"
"e9c577ca-de2e-4075-83d8-2a6b5704b402","TRESemmÃ© Keratin Smooth Shampoo (1 Liter), India","Keratin + Argan Oil formula for up to 72H frizz control and salon-quality smoothness.","in stock","new","1510 BDT","https://glamourstouch.com/product/e9c577ca-de2e-4075-83d8-2a6b5704b402","https://glamourstouch.com/catalog-images/GT-007.jpg","TRESemme","Health & Beauty > Personal Care > Cosmetics"
"3805098a-3bf2-4da8-bce2-04f898b3f9d6","Pond's Bright Beauty Face Wash (100g), India","With Niacinamide (Vitamin B3) for anti-dullness and clinically proven brightness.","in stock","new","320 BDT","https://glamourstouch.com/product/3805098a-3bf2-4da8-bce2-04f898b3f9d6","https://glamourstouch.com/catalog-images/GT-019.jpg","Pond's ","Health & Beauty > Personal Care > Cosmetics"
"dac333ad-0493-47d6-b81a-c7bde0985dcb","Envy Natural Spray Body Perfume, India","Natural spray eau de parfum for women with elegant long-lasting fragrance.","in stock","new","380 BDT","https://glamourstouch.com/product/dac333ad-0493-47d6-b81a-c7bde0985dcb","https://glamourstouch.com/catalog-images/GT-015.jpg","Envy","Health & Beauty > Personal Care > Cosmetics"
"75956002-f577-4444-8bca-05897adeb4d1","Wild Stone Code Body Spray (120ml), India","Premium masculine body perfume with rich fragrance for powerful all-day freshness.","in stock","new","390 BDT","https://glamourstouch.com/product/75956002-f577-4444-8bca-05897adeb4d1","https://fmcltrjnuvuooarkvufn.supabase.co/storage/v1/object/public/products/product-images/2d89cff7-cbf1-44db-b5ae-7a5f2be595c0.jpeg","Wild Stone","Health & Beauty > Personal Care > Cosmetics"
"3be245c9-2b3b-4277-8aed-c205e66714b9","Head & Shoulders Anti-Dandruff Shampoo (1 Liter), India","2-in-1 anti-dandruff shampoo for clean flake-free scalp and healthy hair.","in stock","new","1560 BDT","https://glamourstouch.com/product/3be245c9-2b3b-4277-8aed-c205e66714b9","https://fmcltrjnuvuooarkvufn.supabase.co/storage/v1/object/public/products/product-images/88031271-5c2a-48e2-9574-0aa32bfc10c0.jpeg","Head & Shoulders","Health & Beauty > Personal Care > Cosmetics"
"a33e34f9-b63b-4e9b-806b-7a53fb6cc5dc","Fiama Gel Bar Soap (125g), India","Premium moisturizing gel bar soap with skin conditioners for soft and glowing skin.","in stock","new","130 BDT","https://glamourstouch.com/product/a33e34f9-b63b-4e9b-806b-7a53fb6cc5dc","https://glamourstouch.com/catalog-images/GT-002.jpg","Fiama","Health & Beauty > Personal Care > Cosmetics"
"bc37cacb-ae28-413c-86c7-a007ce6dfef9","Fiama Body Shower Gel, India","Luxurious body shower gel with moisturising ingredients for soft and fresh skin.","in stock","new","290 BDT","https://glamourstouch.com/product/bc37cacb-ae28-413c-86c7-a007ce6dfef9","https://glamourstouch.com/catalog-images/GT-003.jpg","Fiama","Health & Beauty > Personal Care > Cosmetics"
"280952ce-9954-4583-8f33-d5e05fe77f64","Mamaearth Face Wash, India","Natural plant-based face wash for clean bright and healthy skin.","in stock","new","320 BDT","https://glamourstouch.com/product/280952ce-9954-4583-8f33-d5e05fe77f64","https://fmcltrjnuvuooarkvufn.supabase.co/storage/v1/object/public/products/product-images/89cfcd24-2801-4922-a7af-c7711b543436.jpeg","Mamaearth ","Health & Beauty > Personal Care > Cosmetics"
"fc2ca04b-1f1b-4129-8a45-7439b75bcf1a","Garnier Bright Complete Vitamin C Face Wash (100g), India","Advanced Vitamin C + Lemon face wash for deep cleansing and visible brightness.","in stock","new","330 BDT","https://glamourstouch.com/product/fc2ca04b-1f1b-4129-8a45-7439b75bcf1a","https://glamourstouch.com/catalog-images/GT-025.jpg","Garnier","Health & Beauty > Personal Care > Cosmetics"
"ebf73afa-c79e-40fb-8108-4ba901f3de88","Fogg Master Body Spray, India","Premium long-lasting bold fragrance body spray for confident freshness.","in stock","new","340 BDT","https://glamourstouch.com/product/ebf73afa-c79e-40fb-8108-4ba901f3de88","https://fmcltrjnuvuooarkvufn.supabase.co/storage/v1/object/public/products/product-images/46409038-4036-4431-8914-eae8eb5273cd.jpg","Foog","Health & Beauty > Personal Care > Cosmetics"
"b3c2c3f9-8223-49af-8ada-980453c0556c","Nivea Soft Moisturising Cream (100g), India","Refreshing moisturising cream with Jojoba Oil and Vitamin E for face hands and body.","in stock","new","390 BDT","https://glamourstouch.com/product/b3c2c3f9-8223-49af-8ada-980453c0556c","https://fmcltrjnuvuooarkvufn.supabase.co/storage/v1/object/public/products/product-images/e1a29715-45fc-45e7-b1b7-b6986f58f39f.jpeg","Nivea","Health & Beauty > Personal Care > Cosmetics"
"fe526a5e-4a54-4c99-9029-57fd7a420363","Glow & Lovely Face Cream Advanced Multivitamin 80g, India","Fades Dark Spots: Clinically proven to reduce stubborn spots from within. Sun Protection: Contains SPF 15 PA++ to block harmful UVA/UVB rays. Brightening: Enriched with Pro-Vitamin B3 (Niacinamide) to inhibit melanin transfer. Lightweight: Non-greasy formula that absorbs quickly into the skin.","in stock","new","415 BDT","https://glamourstouch.com/product/fe526a5e-4a54-4c99-9029-57fd7a420363","https://fmcltrjnuvuooarkvufn.supabase.co/storage/v1/object/public/products/product-images/3b53ff7c-5192-43b3-8bc4-db17660e4c3e.jpg"," FlyMall","Health & Beauty > Personal Care > Cosmetics"
"edcbbc69-2cbb-4603-9caa-e6fe326d7588","Dulhan Kesh Kala Indian Hair Oil 100ml, India","Natural Darkening: Designed to maintain the natural black colour of hair and cover grey strands. Hair Fall Control: Clinically claimed to reduce hair fall by 50% within 4 weeks of regular use. Herbal Blend: Enriched with 7 Ayurvedic herbs, including Amla, Brahmi, Henna, Kapur, Harar, and Coconut. Nourishment: Strengthens hair from root to tip and helps rejuvenate the scalp.","in stock","new","110 BDT","https://glamourstouch.com/product/edcbbc69-2cbb-4603-9caa-e6fe326d7588","https://fmcltrjnuvuooarkvufn.supabase.co/storage/v1/object/public/products/product-images/1012172c-2224-421d-bac0-957a3a4be297.png","Dulhan","Health & Beauty > Personal Care > Cosmetics"
"9447c97a-52a9-4436-8a47-e43a21901e75","Pond's Bright Beauty Cream - 23g, India","Advanced Anti-Spot Formula: Reduces the appearance of dark spots and blemishes, promoting an even skin tone. 98% Pure Vitamin B3 (Niacinamide): Known for its powerful brightening properties, it works to rejuvenate dull skin and enhance natural radiance. Sun Protection: With SPF 15 PA++, it shields your skin from the damaging effects of the sun, preventing further discoloration and aging. Lightweight and Fast-Absorbing: Ideal for daily use, the serum-cream formula blends effortlessly into the skin, leaving it soft and supple without any greasy residue. Suitable for All Skin Types: Dermatologically tested to be safe and effective on all skin types.","in stock","new","160 BDT","https://glamourstouch.com/product/9447c97a-52a9-4436-8a47-e43a21901e75","https://fmcltrjnuvuooarkvufn.supabase.co/storage/v1/object/public/products/product-images/3ee0a61c-6214-4a3d-b889-2d6424b64231.webp","Pond’s","Health & Beauty > Personal Care > Cosmetics"
"7748115f-a497-4906-be74-03eada7b7e15","Pond's Bright Beauty Cream - 35g, India","Advanced Anti-Spot Formula: Reduces the appearance of dark spots and blemishes, promoting an even skin tone. 98% Pure Vitamin B3 (Niacinamide): Known for its powerful brightening properties, it works to rejuvenate dull skin and enhance natural radiance. Sun Protection: With SPF 15 PA++, it shields your skin from the damaging effects of the sun, preventing further discoloration and aging. Lightweight and Fast-Absorbing: Ideal for daily use, the serum-cream formula blends effortlessly into the skin, leaving it soft and supple without any greasy residue. Suitable for All Skin Types: Dermatologically tested to be safe and effective on all skin types.","in stock","new","240 BDT","https://glamourstouch.com/product/7748115f-a497-4906-be74-03eada7b7e15","https://fmcltrjnuvuooarkvufn.supabase.co/storage/v1/object/public/products/product-images/1c344c56-179d-494c-8291-48764cb52006.jpg","Pond's ","Health & Beauty > Personal Care > Cosmetics"
"f659def6-7f26-4e53-af33-5bf7e6f39b34","CLOP-G, India","Clop-G cream is a prescription topical medicine combining Clobetasol Propionate (a strong steroid) and Gentamicin (an antibiotic). It treats bacterial skin infections accompanied by inflammation, such as eczema, psoriasis, and itchy rashes. It is generally applied in a thin layer to affected areas, usually 1–2 times daily, and should not be used long-term without medical advice.","in stock","new","90 BDT","https://glamourstouch.com/product/f659def6-7f26-4e53-af33-5bf7e6f39b34","https://fmcltrjnuvuooarkvufn.supabase.co/storage/v1/object/public/products/product-images/19eb129c-1be0-4d76-8538-68289ed90379.jpg","CLOP-G","Health & Beauty > Personal Care > Cosmetics"
"12d837a9-0e9a-4740-ab1a-73dfb9c9005b","Ponds Bright Beauty Crim 50g, India","Advanced Anti-Spot Formula: Reduces the appearance of dark spots and blemishes, promoting an even skin tone. 98% Pure Vitamin B3 (Niacinamide): Known for its powerful brightening properties, it works to rejuvenate dull skin and enhance natural radiance. Sun Protection: With SPF 15 PA++, it shields your skin from the damaging effects of the sun, preventing further discoloration and aging. Lightweight and Fast-Absorbing: Ideal for daily use, the serum-cream formula blends effortlessly into the skin, leaving it soft and supple without any greasy residue. Suitable for All Skin Types: Dermatologically tested to be safe and effective on all skin types.","in stock","new","380 BDT","https://glamourstouch.com/product/12d837a9-0e9a-4740-ab1a-73dfb9c9005b","https://fmcltrjnuvuooarkvufn.supabase.co/storage/v1/object/public/products/product-images/c3294499-3d77-4482-8481-31de00feeaf2.jpg","Ponds ","Health & Beauty > Personal Care > Cosmetics"
"730f0b76-6df6-43d2-98d8-5034703e2f3d","Clean & Clear Foaming Face Wash (50g), India","Oil-free foaming face wash that removes excess oil and unclogs pores for fresh clear skin.","in stock","new","190 BDT","https://glamourstouch.com/product/730f0b76-6df6-43d2-98d8-5034703e2f3d","https://fmcltrjnuvuooarkvufn.supabase.co/storage/v1/object/public/products/product-images/bb8c50bb-2f28-4dc9-a35f-c9e64047cb04.webp","Clean & Clear","Health & Beauty > Personal Care > Cosmetics"
"0a83e624-163c-4057-acd0-efe7d7bb24b7","Ponds BB+ Cream, India","Ponds BB+ Cream, India","in stock","new","250 BDT","https://glamourstouch.com/product/0a83e624-163c-4057-acd0-efe7d7bb24b7","https://fmcltrjnuvuooarkvufn.supabase.co/storage/v1/object/public/products/product-images/931804c0-4f20-477a-80a4-6188cc3246db.png","Ponds","Health & Beauty > Personal Care > Cosmetics"
"ddf66fdc-9d9c-42ba-95fb-3dd1d75b6064","Nivea Soft Moisturising Cream (50g), India","Refreshing moisturising cream with Jojoba Oil and Vitamin E for face hands and body.","in stock","new","210 BDT","https://glamourstouch.com/product/ddf66fdc-9d9c-42ba-95fb-3dd1d75b6064","https://fmcltrjnuvuooarkvufn.supabase.co/storage/v1/object/public/products/product-images/fe0e1ab7-dcfc-490a-8111-973c58950003.webp","Nivea","Health & Beauty > Personal Care > Cosmetics"
"3c1a5e90-c0de-4332-a38c-e9e3c21dec8a","Indian Product Hair Care Clinic Plus+ Health Strong & Long Shampoo Used For Male /Female-1L","Key Ingredients: Contains Milk Protein, Lysine, and Sodium Laureth Sulphate (SLS). Benefits: Strengthens hair, reduces breakage, and nourishes for longer, healthier-looking hair. Usage: Suitable for daily use on various hair types (oily, dry, straight, curly). Formulation: It is considered high-detergent (SLS-heavy), which can be drying if used excessively.","in stock","new","1670 BDT","https://glamourstouch.com/product/3c1a5e90-c0de-4332-a38c-e9e3c21dec8a","https://fmcltrjnuvuooarkvufn.supabase.co/storage/v1/object/public/products/product-images/4a040732-9ad8-46b6-996e-8a254a3a46ca.jpg","Clinic Plus","Health & Beauty > Personal Care > Cosmetics"
"a6e80c06-e819-4488-a4a3-56c9189ac40d","Jac Body Olive Oil 100ml, India","Ingredients: Contains natural ingredients like Italian Olive Oil, Haridra, Manjistha, Arjuna, Daruharidra, Kapoor, and Neem Oil. Skin Benefits: Provides deep nourishment, acts as a protective barrier, and offers antioxidant properties to reduce wrinkles. Usage: Suitable for daily use after a shower, for body massage, and is gentle enough for babies. Texture: Light-textured, non-greasy, and absorbs easily into the skin. Source: Product of India.","in stock","new","170 BDT","https://glamourstouch.com/product/a6e80c06-e819-4488-a4a3-56c9189ac40d","https://fmcltrjnuvuooarkvufn.supabase.co/storage/v1/object/public/products/product-images/a45bf0bd-3466-4501-8938-a8bd5f6b9dbc.jpg","Jac","Health & Beauty > Personal Care > Cosmetics"
"6d339b10-a066-4ca4-afb8-046b016c92ea","Navratna Cool Ayurvedic Oil 180ml, India","Amla: For hair nourishment and cooling. Menthol: Provides an instant cooling sensation. Camphor: Acts as a natural analgesic and cooling agent. Brahmi: Calms the mind and helps with stress. Bhringraj: Strengthens hair roots and promotes growth. Sesame Oil: The base oil that moisturizes the scalp. Hibiscus: Conditions hair and enhances shine. Thyme: Provides antimicrobial benefits for scalp health. Rosemary Oil: Improves blood circulation to the follicles.","in stock","new","345 BDT","https://glamourstouch.com/product/6d339b10-a066-4ca4-afb8-046b016c92ea","https://fmcltrjnuvuooarkvufn.supabase.co/storage/v1/object/public/products/product-images/c13d056e-4454-483b-9024-45a1f3d89c9d.jpg","Navratna ","Health & Beauty > Personal Care > Cosmetics"
"68ed073d-c03e-4144-8d14-b826a10cad8b","Layer’r Wottagirl Secret Crush Body Splash Spray, India","The mesmerising fragrance of Layer'r Wottagirl Tropical Berry Body Splash creates a delightful fusion of the fruity freshness of apples and raspberry with the enchanting notes of rose and violets and cedarwood and amber. This well-balanced fragrance bestows an unmatched sophistication and announces your arrival in style. Spray this light scented body mist all over your body for a gentle burst of vibrant fruitiness. You’ll love it.","in stock","new","370 BDT","https://glamourstouch.com/product/68ed073d-c03e-4144-8d14-b826a10cad8b","https://fmcltrjnuvuooarkvufn.supabase.co/storage/v1/object/public/products/product-images/6a39f3f5-e8a3-4759-9b15-e47edf6bd8bb.webp"," Wottagirl ","Health & Beauty > Personal Care > Cosmetics"
"63f54981-014c-499e-a757-e22be7c029f0","Set Wet Body Spray, Indian","Longevity: Typically lasts between 6 to 8 hours. Versatility: Safe for use on both skin and clothes. Skin Friendly: Formulated to prevent body odor by breaking down bacteria. Non-Staining: Quick-drying formula that does not leave marks on clothing.","in stock","new","345 BDT","https://glamourstouch.com/product/63f54981-014c-499e-a757-e22be7c029f0","https://fmcltrjnuvuooarkvufn.supabase.co/storage/v1/object/public/products/product-images/f0db78ca-ac0c-46a6-bb3a-2626de090ff1.jpg","Set Wet","Health & Beauty > Personal Care > Cosmetics"
"a465ed56-1883-4dc0-91db-f5b31839ec66","Super Vasmol 33 Hair Oil Kesh Kala Black Color - 100ml, India","Amla (Indian Gooseberry): Rich in Vitamin C; strengthens hair and prevents premature greying. Hibiscus (Jasund): Conditions hair, enhances shine, and promotes softness. Almond Oil/Protein: Provides essential nourishment and strengthens hair strands. Bhringraj: Promotes hair growth and reduces hair fall. Note on PPD: While marketed as natural, it contains Paraphenylenediamine (PPD), a common coloring agent that can cause allergic reactions in some users.","in stock","new","170 BDT","https://glamourstouch.com/product/a465ed56-1883-4dc0-91db-f5b31839ec66","https://fmcltrjnuvuooarkvufn.supabase.co/storage/v1/object/public/products/product-images/7d0ec24c-bb42-4335-8b06-8ae902e2e560.jpg","Vasmo","Health & Beauty > Personal Care > Cosmetics"
"dba06c32-067d-4adf-b7b3-ca287337d12d","keokarpin Olive Oil 500g, India","Ingredients: Enriched with Italian Olive Oil, Vitamin E, and ayurvedic additives like Neem, Haldi (Turmeric), and Sandalwood. Texture: Designed to be non-sticky and non-staining, making it suitable for use both before and after a bath. Benefits: Absorbs quickly into the skin. Helps maintain skin elasticity and reduces dryness/flakiness. Provides a natural glow without a heavy greasy feel. Fragrance: Features a mild, pleasant sandalwood perfume.","in stock","new","610 BDT","https://glamourstouch.com/product/dba06c32-067d-4adf-b7b3-ca287337d12d","https://fmcltrjnuvuooarkvufn.supabase.co/storage/v1/object/public/products/product-images/fa5f060e-4f5c-4909-90d7-d5067d131ab9.webp","keokarpin ","Health & Beauty > Personal Care > Cosmetics"
"fe6fee32-e791-48d8-87be-c0cc4ae7b52f","Dabur Gulabari Rose Water, India","Tones Skin: Helps balance the skin’s pH level and tightens pores. Cleanses: Gently removes dirt and grime from the skin surface. Hydrates & Refreshes: Provides instant moisture and a cooling effect, especially during summer. Glowing Complexion: Regular use helps give the skin a natural, radiant ""rose-like"" glow.","in stock","new","140 BDT","https://glamourstouch.com/product/fe6fee32-e791-48d8-87be-c0cc4ae7b52f","https://fmcltrjnuvuooarkvufn.supabase.co/storage/v1/object/public/products/product-images/46e45298-9279-4c80-82ad-9ee4bc46a67c.webp","Dabur","Health & Beauty > Personal Care > Cosmetics"
"a12c8abf-df8e-4fbd-8147-05ef3bd0269b","Volini Pain Relief Spray 42gm,  India","The Volini Spray (42g) is a popular topical analgesic in India manufactured by Sun Pharmaceutical Industries Ltd. It is primarily used for quick relief from musculoskeletal pain, including lower back pain, neck strain, and sports injuries","in stock","new","350 BDT","https://glamourstouch.com/product/a12c8abf-df8e-4fbd-8147-05ef3bd0269b","https://fmcltrjnuvuooarkvufn.supabase.co/storage/v1/object/public/products/product-images/b0d740a2-0bcb-4bab-8360-7cfe293295e5.webp","Volini","Health & Beauty > Personal Care > Cosmetics"
"278ec93b-5e77-4a76-8030-b7f5fb63bc44","Moov Spray 35g, India","It helps in relieving the pain and relaxes the muscles and help to recover fast. These ingredients penetrate deep inside to produce the warmth and are known for their pain relieving properties. An analgesic (or pain relieving) ointment made using 100% ayurvedic ingredients helps in relaxing muscle stiffness and relieving pain effectively. It gives a fast and long-lasting relief from muscle pain, neck, and backache and inflammation.","in stock","new","335 BDT","https://glamourstouch.com/product/278ec93b-5e77-4a76-8030-b7f5fb63bc44","https://fmcltrjnuvuooarkvufn.supabase.co/storage/v1/object/public/products/product-images/f12602f7-de50-423c-8bbc-6a7d15891488.jpg","Moov ","Health & Beauty > Personal Care > Cosmetics"
"ecaec23f-5f39-4ee9-860c-b333b267e03e","Navaratna Ayurvedic Cool Hair Oil - 90ml, India |","Amla: For hair nourishment and cooling. Menthol: Provides an instant cooling sensation. Camphor: Acts as a natural analgesic and cooling agent. Brahmi: Calms the mind and helps with stress. Bhringraj: Strengthens hair roots and promotes growth. Sesame Oil: The base oil that moisturizes the scalp. Hibiscus: Conditions hair and enhances shine. Thyme: Provides antimicrobial benefits for scalp health. Rosemary Oil: Improves blood circulation to the follicles.","in stock","new","205 BDT","https://glamourstouch.com/product/ecaec23f-5f39-4ee9-860c-b333b267e03e","https://fmcltrjnuvuooarkvufn.supabase.co/storage/v1/object/public/products/product-images/1c69ade2-1256-4f93-8b30-ea389a338711.jpg","Navaratna","Health & Beauty > Personal Care > Cosmetics"
"0d5805d3-c5a4-4e8b-bf7d-47db06d10b3f","Johnson's Baby 100 ml, India","Moisturises and protects delicate skin from drynessOur Clinically Proven Mildness formula is specially designed for baby’s delicate skinIdeal for baby.","in stock","new","325 BDT","https://glamourstouch.com/product/0d5805d3-c5a4-4e8b-bf7d-47db06d10b3f","https://fmcltrjnuvuooarkvufn.supabase.co/storage/v1/object/public/products/product-images/1e4d69cc-001d-4ee9-bc66-d5ab8493c88b.jpg","Johnson's","Health & Beauty > Personal Care > Cosmetics"
"a5545a64-591a-4f7c-87d7-b48ce951f594","Johnson's Baby Cream, 30g, India","Johnson's baby cream is designed with rich emollients that help moisturize and preserve baby skin's natural softness Baby soft skin, all day long Clinically mildness proven Made with natural plant oil Recommended by doctors Ph balanced and hypoallergenic No added parabens, phthalates or dyes Every johnson’s product passes a 5 level safety assurance process","in stock","new","135 BDT","https://glamourstouch.com/product/a5545a64-591a-4f7c-87d7-b48ce951f594","https://fmcltrjnuvuooarkvufn.supabase.co/storage/v1/object/public/products/product-images/81bcc8e1-c1de-47cc-a0a6-38e38f3ef537.jpg","Johnson's","Health & Beauty > Personal Care > Cosmetics"
"a50c6529-50ba-44d6-b7ad-2bf9f9c928e9","Johnson's Baby Lotion (200ml), India","✨ Key Features & Benefits 24-Hour Moisture: Clinically proven to protect skin from dryness all day. Safety Standards: Free from parabens, phthalates, sulfates, and dyes. Mild Formula: Hypoallergenic, pH-balanced, and pediatrician-tested. Ingredients: Contains glycerin and natural plant oils (like coconut oil) to lock in moisture. Texture: Lightweight, non-sticky, and fast-absorbing for easy application.","in stock","new","355 BDT","https://glamourstouch.com/product/a50c6529-50ba-44d6-b7ad-2bf9f9c928e9","https://fmcltrjnuvuooarkvufn.supabase.co/storage/v1/object/public/products/product-images/71eb1aa0-e69b-4d48-b504-ea2eb1691cfb.jpg","Johnson's","Health & Beauty > Personal Care > Cosmetics"
"75444967-18c7-47d2-9ab5-3236e7c796b1","Johnson's Baby Shampoo 200 ml, India","No More Tears® Formula: As mild to the eyes as pure water. Safety Tested: 3x tested by pediatricians, dermatologists, and ophthalmologists. Clean Formula: Free from parabens, sulfates, dyes, phthalates, alcohol, and soap. Usage: Ideal for babies, but also popular with adults for gentle daily hair care.","in stock","new","395 BDT","https://glamourstouch.com/product/75444967-18c7-47d2-9ab5-3236e7c796b1","https://fmcltrjnuvuooarkvufn.supabase.co/storage/v1/object/public/products/product-images/b9c5a4d0-ebdc-4398-a8f9-99a76c1ebefd.jpg","Johnson's","Health & Beauty > Personal Care > Cosmetics"
"3da11adf-d0a2-437a-aa68-9d921f14933b","Emami 7 Oils For Hair Oil 200g, India","✨ Key Benefits Designed as a ""breakthrough"" ultra-light formula, it claims to make hair 20 times stronger and reduce hair fall by up to 96%. 💧 Non-Sticky: Specifically formulated to be ultra-light for daily use. 🌿 Damage Repair: Targets hair damaged by heat and pollutants. ⚖️ Scalp Health: Nourishes the scalp without leaving a greasy residue.","in stock","new","270 BDT","https://glamourstouch.com/product/3da11adf-d0a2-437a-aa68-9d921f14933b","https://fmcltrjnuvuooarkvufn.supabase.co/storage/v1/object/public/products/product-images/0a07168c-e110-4a69-9bb5-6e7d6f6fb470.jpg","Emami ","Health & Beauty > Personal Care > Cosmetics"
"4c5dffcf-a2e4-4cca-b962-0513cb6b32a6","Nihar Shanti Amla Badam Hair Oil, 200 ml, India","About this item The goodness of amla and baadaam oil For black, silky and strong hair 5% of all our profits go towards children's education Largest selling hair oil in the country Amla hair oil with a pleasing fragrance Apply for 45 minutes before shampoo","in stock","new","210 BDT","https://glamourstouch.com/product/4c5dffcf-a2e4-4cca-b962-0513cb6b32a6","https://fmcltrjnuvuooarkvufn.supabase.co/storage/v1/object/public/products/product-images/b117fc59-9dad-4b22-bc04-c4deec6108ec.webp","Nihar ","Health & Beauty > Personal Care > Cosmetics"
"e04d48e0-7dae-424a-bc35-95f12ec0eb28","Johnson's Baby Cream, 50g, India","Johnson's baby cream is designed with rich emollients that help moisturize and preserve baby skin's natural softness Baby soft skin, all day long Clinically mildness proven Made with natural plant oil; Recommended by doctors Scent Name: Chamomile; Target Gender: Unisex","in stock","new","180 BDT","https://glamourstouch.com/product/e04d48e0-7dae-424a-bc35-95f12ec0eb28","https://fmcltrjnuvuooarkvufn.supabase.co/storage/v1/object/public/products/product-images/43df6246-a71a-4d2d-a48f-10e78419eacf.jpg","Johnson's","Health & Beauty > Personal Care > Cosmetics"
"1772b373-3931-4309-aef3-9f3a5ce460b7","Johnson’s Baby Top-to-Toe Bath (200ml), India","Johnson's Baby Top-to-Toe Bath (200ml) is an ultra-mild, soap-free cleanser designed specifically for a newborn's delicate skin and eyes from day one.","in stock","new","435 BDT","https://glamourstouch.com/product/1772b373-3931-4309-aef3-9f3a5ce460b7","https://fmcltrjnuvuooarkvufn.supabase.co/storage/v1/object/public/products/product-images/2da81423-564c-431e-8bda-c1b3b99d2bfc.jpg","Johnson’s","Health & Beauty > Personal Care > Cosmetics"
"b3118248-cd29-45cc-a586-864e6198d427","Lakme Absolute Perfect Radiance Brightening Night Cream, India ","🌟 Top Lakmé Night Creams in India 1. Lakmé Absolute Perfect Radiance Skin Brightening Night Crème Best For: Skin brightening and evening out skin tone. Key Ingredients: Niacinamide (Vitamin B3), Micro-crystals, and Skin-illuminating vitamins. Benefits: Repairs skin damage overnight, lightens dark spots, and provides a ""crystal-like"" glow. Texture: Rich and creamy yet lightweight and non-greasy. 2. Lakmé 9to5 Vitamin C+ Night Cream Best For: Dullness and environmental damage. Key Ingredients: Vitamin C, Murumuru butter, and Shea butter. Benefits: Fights free radicals, strengthens the skin barrier, and provides intense hydration. Texture: Smooth and non-sticky finish. 3. Lakmé Absolute Youth Infinity Skin Sculpting Night Crème Best For: Anti-aging, firming, and fine lines. Key Ingredients: Pro-retinol C complex, Insta-collagen boosters, and Pearl extracts. Benefits: Tightens skin, improves elasticity, and reduces signs of aging like wrinkles. Texture: Thick but non-comedogenic (won't clog pores). 4. Lakmé Absolute Hydra Pro Overnight Gel Best For: Dehydrated or dry skin. Key Ingredients: Hyaluronic Acid and Pentavitin. Benefits: Provides 72-hour hydration and leaves skin looking fresh and plump. Texture: Lightweight, refreshing gel.","in stock","new","600 BDT","https://glamourstouch.com/product/b3118248-cd29-45cc-a586-864e6198d427","https://fmcltrjnuvuooarkvufn.supabase.co/storage/v1/object/public/products/product-images/b6856eda-8c0e-40c2-b2de-8fce55b8b794.jpg","Lakme","Health & Beauty > Personal Care > Cosmetics"
"c68efddb-dc42-472e-a407-815bb0c2e959","Dabur Amla Hair oil for Stronger, Longer and Thicker Hair -180ml , India","Dabur Amla hair oil has amla extracts. Amla is known to be a power fruit for your hair. As the power of amla nourishes your scalp from within, your hair is strengthened from root to tip Amla is known for its potent hair growth promoting activity and thus is regarded as a potent herbal treatment for hair loss Amla is also enriched with omega 3 and has rich hair nutrients like vitamin c, tannins and amino acids which helps in making your hair stronger Dabur Amla hair oil also helps in dandruff reduction It also helps in maintaining the natural colour of hair","in stock","new","260 BDT","https://glamourstouch.com/product/c68efddb-dc42-472e-a407-815bb0c2e959","https://fmcltrjnuvuooarkvufn.supabase.co/storage/v1/object/public/products/product-images/95aa9dc2-edcc-40a8-8353-4a359c3e71bc.jpg","Dabur ","Health & Beauty > Personal Care > Cosmetics"
"844adcbd-3693-488c-9de4-db80d202a2ea"," Lakme perfect radiance day cream, Indian","🌟 Top Lakme Day Creams in India 1. Lakme Absolute Perfect Radiance Skin Brightening Day Crème This is Lakme's signature ""crystal-like"" glow cream. Key Ingredients: Micro-crystals and skin-lightening vitamins (Niacinamide). Best For: Normal to oily skin looking for an instant ""illuminated"" look. Sun Protection: SPF 30 PA++. Benefits: Reduces dullness and evens out skin tone. Approx. Price: ₹318–₹399 for 50g (Smaller 15g packs available for ~₹87). 2. Lakme 9to5 Vitamin C+ Day Cream A lightweight, antioxidant-rich formula designed for daily city wear. Key Ingredients: Vitamin C (Kakadu Plum), Vitamin E, and Shea Butter. Best For: All skin types, specifically for fighting pollution and skin fatigue. Benefits: Neutralizes free radicals and provides deep hydration. Approx. Price: ~₹375 for 50g. 3. Lakme Peach Milk Soft Crème (Day/Moisturizer) A classic, budget-friendly staple for long-lasting hydration. Key Ingredients: 2% Pro-Ceramide, Peptides, and Vitamin E. Best For: Dry to normal skin; widely used as a daily moisturizer. Sun Protection: Specific versions include SPF 24 or SPF 30. Approx. Price: ~₹239–₹440 depending on size (120ml to 200g). 4. Lakme 9to5 Naturale Day Crème Focused on calming the skin using natural extracts. Key Ingredients: Pure Aloe Vera. Best For: Stressed skin or those seeking a non-sticky, cooling feel. Sun Protection: SPF 20 PA++.","in stock","new","530 BDT","https://glamourstouch.com/product/844adcbd-3693-488c-9de4-db80d202a2ea","https://fmcltrjnuvuooarkvufn.supabase.co/storage/v1/object/public/products/product-images/a03902fc-c0d1-4fa0-b7b0-7719b1b2bc1b.webp"," Lakme ","Health & Beauty > Personal Care > Cosmetics"